<elements>
  <namespace ns="Microsoft.WindowsAzure.MobileServices.Query">
    <summary><![CDATA[To be added.]]></summary>
    <remarks><![CDATA[To be added.]]></remarks>
  </namespace>
  <namespace ns="Microsoft.WindowsAzure.MobileServices.Sync">
    <summary><![CDATA[To be added.]]></summary>
    <remarks><![CDATA[To be added.]]></remarks>
  </namespace>
  <namespace ns="Microsoft.WindowsAzure.MobileServices">
    <summary><![CDATA[To be added.]]></summary>
    <remarks><![CDATA[To be added.]]></remarks>
  </namespace>
</elements>